{"cameraMode":{"drawMode":0,"name":"Shaded","section":"Shading Mode"},"sceneLighting":false,"audioPlay":false,"sceneViewState":{"m_AlwaysRefresh":false,"showFog":true,"showSkybox":false,"showFlares":true,"showImageEffects":true,"showParticleSystems":true,"showVisualEffectGraphs":true,"m_FxEnabled":true},"in2DMode":false,"pivot":{"x":0.27530017495155337,"y":0.5735328197479248,"z":0.06878900527954102},"rotation":{"x":0.14826571941375733,"y":-0.004454529378563166,"z":0.0006674185860902071,"w":0.9889771938323975},"size":1.3988580703735352,"orthographic":false}