{"cameraMode":{"drawMode":0,"name":"Shaded","section":"Shading Mode"},"sceneLighting":true,"audioPlay":false,"sceneViewState":{"m_AlwaysRefresh":false,"showFog":true,"showSkybox":true,"showFlares":true,"showImageEffects":true,"showParticleSystems":true,"showVisualEffectGraphs":true,"m_FxEnabled":true},"in2DMode":false,"pivot":{"x":1.8269819021224976,"y":-3.2928285598754885,"z":6.0861077308654789},"rotation":{"x":0.3906015157699585,"y":0.22159458696842194,"z":-0.09745405614376068,"w":0.8882061839103699},"size":6.440420150756836,"orthographic":false}