{"cameraMode":{"drawMode":0,"name":"Shaded","section":"Shading Mode"},"sceneLighting":true,"audioPlay":false,"sceneViewState":{"m_AlwaysRefresh":false,"showFog":true,"showSkybox":true,"showFlares":true,"showImageEffects":true,"showParticleSystems":true,"showVisualEffectGraphs":true,"m_FxEnabled":true},"in2DMode":false,"pivot":{"x":0.0034458301961421968,"y":0.6762310862541199,"z":-0.3925984501838684},"rotation":{"x":-0.002497278619557619,"y":0.9934043288230896,"z":-0.11254342645406723,"w":-0.022057050839066507},"size":3.2276549339294435,"orthographic":false}